419:6748	Menubar / Item / Default	Menubar
419:6764	Menubar / Item / SubTrigger	Menubar
210:3528	Menubar / Trigger	Menubar
210:2018	NavigationMenu / Button	Navigation Menu
17375:2761	NavigationMenu / Menu Link	Navigation Menu
17375:179953	NavigationMenu / Popover	Navigation Menu
208:1651	Pagination / PaginationItem	Pagination
296:4740	Progress	Progress
65:326	Radio / Item	Radio Group
18449:210	Resizable / Handle	Resizable
118:1541	Select Menu / Item	Select
345:11530	Select	Select
118:2690	Separator	Separator
220:4633	Sheet	Sheet
5037:3220	Sheet / Close Icon	Sheet
5198:1113	Sidebar / SidebarMenuButton	Sidebar
5198:1398	Sidebar / SidebarGroupLabel	Sidebar
5198:1446	Sidebar / SidebarMenuSub	Sidebar
5198:1510	Sidebar / SidebarMenuItem	Sidebar
5198:1528	Sidebar / SidebarGroup	Sidebar
5198:1587	Sidebar / SidebarMenuSubItem	Sidebar
5198:1616	Sidebar / SidebarGroupAction	Sidebar
5198:1651	Sidebar / CollapseIcon	Sidebar
5198:1696	Sidebar / PopoverMenuItem	Sidebar
5198:1724	Sidebar / PopoverTrigger	Sidebar
5198:1735	Sidebar / Header Button	Sidebar
5198:1754	Sidebar / InboxItem	Sidebar
5198:1782	Sidebar / MediaAsset	Sidebar
5198:1837	Sidebar 07.	Sidebar
5198:1863	Sidebar 09.	Sidebar
295:462	Skeleton	Skeleton
17382:13106	Slider	Slider
17428:100438	Slider / Item	Slider
17375:198044	Sonner / Action	Sonner
17375:198096	Sonner / Icon	Sonner
18482:48401	Sonner	Sonner
60:450	Switch	Switch
190:901	Table / Cell	Table
190:898	Table / Head	Table
501:80592	Table	Table
183:532	Tabs / Trigger	Tabs
183:74	Textarea	Textarea
124:27	Toggle	Toggle
17103:809	Tooltip	Tooltip
753:25930	ShadcnDesign Logo	Utility Components
