11005:2952	416fc9a331b298ad1feb96993ffcd33fc2362ee1	Pro Blocks / Sign Up / 1.	Pro Blocks (Application) 🔷	11005:2953	{"Breakpoint":{"type":"VARIANT","defaultValue":"Desktop","variantOptions":["Desktop","Mobile"]}}	11005:2953|13b44787bf9fced96714f24a94b940860df712df|Breakpoint=Desktop;11005:2972|99bd22880dcac3e5a5ee82cd09b6f8f91dfff8e1|Breakpoint=Mobile
11005:2989	77ac608e505f7438f3c50b1a3985ebc101e7d255	Pro Blocks / Sign Up / 3.	Pro Blocks (Application) 🔷	11005:2990	{"Breakpoint":{"type":"VARIANT","defaultValue":"Desktop","variantOptions":["Desktop","Mobile"]}}	11005:2990|782526ca8a0f852eb7347ff6a777acc13d76e9f8|Breakpoint=Desktop;11005:3023|79a0ddbe6d654966714a30e9389e90d69a74d391|Breakpoint=Mobile
11005:3048	cd78def555f3f907b0ed536e3f068da24490f892	Pro Blocks / Sign Up / 5.	Pro Blocks (Application) 🔷	11005:3049	{"Breakpoint":{"type":"VARIANT","defaultValue":"Desktop","variantOptions":["Desktop","Mobile"]}}	11005:3049|e2d15e9ee5fe0c421a80addd86f1e182ad13617e|Breakpoint=Desktop;11005:3083|b5a8f7654002a9c040b6ef269af37b83f329b76c|Breakpoint=Mobile
11005:3108	b2ae9a90927595c2c24658bf76e172058891ccae	Pro Blocks / Sign Up / 2.	Pro Blocks (Application) 🔷	11005:3109	{"Breakpoint":{"type":"VARIANT","defaultValue":"Desktop","variantOptions":["Desktop","Mobile"]}}	11005:3109|7f8fa19ecdfe1a3c8756356cab74ef6ff0f1aab2|Breakpoint=Desktop;11005:3134|feb8be86f195e252c524bee5885b43990ec5fc97|Breakpoint=Mobile
11005:3157	e78c64880dbd9e928bcf084ffd5cbd7379baf1fc	Pro Blocks / Sign Up / 4.	Pro Blocks (Application) 🔷	11005:3158	{"Breakpoint":{"type":"VARIANT","defaultValue":"Desktop","variantOptions":["Desktop","Mobile"]}}	11005:3158|153b39f99fa4827556106c17f9df6b3cf16b6cc5|Breakpoint=Desktop;11005:3183|803b7d9f4f3cfdedd746abd78ed60bcd152eb18d|Breakpoint=Mobile
11005:3206	70c73275ec756ce52121b71cd33484fbce65e08d	Pro Blocks / Settings / 1.	Pro Blocks (Application) 🔷	11005:3207	{"Breakpoint":{"type":"VARIANT","defaultValue":"Desktop","variantOptions":["Desktop","Mobile"]}}	11005:3207|35611076e7f0602c290b69a40337f1985494336d|Breakpoint=Desktop;11005:3250|6eef826d10fac5135aeebffed74bf3dda40393b4|Breakpoint=Mobile
11005:3280	24848661da55814b42661d0cce93ea7ff80a10e5	Pro Blocks / Settings / 7.	Pro Blocks (Application) 🔷	11005:3281	{"Breakpoint":{"type":"VARIANT","defaultValue":"Desktop","variantOptions":["Desktop","Mobile"]}}	11005:3281|e2cb61d2eba96fff486f0ed47a9e74df7deb83e3|Breakpoint=Desktop;11005:3319|2454e042ad164ed60f04b6acb448f1602b67a30b|Breakpoint=Mobile
11005:3348	8863e81fb4780b579296cdb0d9763ab39fc213b4	Pro Blocks / Settings / 2.	Pro Blocks (Application) 🔷	11005:3349	{"Breakpoint":{"type":"VARIANT","defaultValue":"Desktop","variantOptions":["Desktop","Mobile"]}}	11005:3349|f8d1f3057c50e665a8cfee1dcb6a9331aac634c5|Breakpoint=Desktop;11005:3393|19a7b5949a103ca04d48293667365930cc1a25a6|Breakpoint=Mobile
11005:3429	c389b9f639a2591c85dd2ad633eee29e350a3bd1	Pro Blocks / Settings / 6.	Pro Blocks (Application) 🔷	11005:3430	{"Breakpoint":{"type":"VARIANT","defaultValue":"Desktop","variantOptions":["Desktop","Mobile"]}}	11005:3430|78e46ab26f2947817d239ea16560e7847dd48fb7|Breakpoint=Desktop;11005:3481|da14f7095be350df9ca4038d209320266c80537c|Breakpoint=Mobile
11005:3522	322b92592357bdd357e60ff12a2e44910b74d7df	Pro Blocks / Settings / 3.	Pro Blocks (Application) 🔷	11005:3523	{"Breakpoint":{"type":"VARIANT","defaultValue":"Desktop","variantOptions":["Desktop","Mobile"]}}	11005:3523|405b03cb0cf93f56e329fffbdd64bbeea103e2b1|Breakpoint=Desktop;11005:3536|7d5d511143d11d1870b8821f7696fe50547dd438|Breakpoint=Mobile
11005:3552	c67687b792dc78f4dc51eac0d865c4a33310bd0d	Pro Blocks / App Shell / 2.	Pro Blocks (Application) 🔷	11005:3553	{"Breakpoint":{"type":"VARIANT","defaultValue":"Desktop","variantOptions":["Desktop","Mobile"]}}	11005:3553|00a9dcc637949ea072bc26b0e3a8681247c25891|Breakpoint=Desktop;11005:3558|64821cc80c80b0afc806143ce4164d0cb39092c4|Breakpoint=Mobile
11005:3563	813e13bdd2a392a4f7dbe370f8d922c76c9ab1be	Pro Blocks / Settings / 4.	Pro Blocks (Application) 🔷	11005:3564	{"Breakpoint":{"type":"VARIANT","defaultValue":"Desktop","variantOptions":["Desktop","Mobile"]}}	11005:3564|77f63ea9b3ce445832e2f1f03378df79b7d5324b|Breakpoint=Desktop;11005:3596|b3eb000d1bf5aa8a3214fb3b3323dc311cf8289e|Breakpoint=Mobile
11005:3620	b51253a3cc7ae8f473f2e502ff762a81a0be3b5e	Pro Blocks / Settings / 5.	Pro Blocks (Application) 🔷	11005:3621	{"Breakpoint":{"type":"VARIANT","defaultValue":"Desktop","variantOptions":["Desktop","Mobile"]}}	11005:3621|56dd6656b54c02711d6cfeeccdfc4202a1622b68|Breakpoint=Desktop;11005:3717|c0818e056c6e5fd8cc57d426317dec41f843dc0f|Breakpoint=Mobile
11005:3814	157b63d3c51f97fbeec2c5ac81ab3139376b10ee	Pro Blocks / App Shell / 1.	Pro Blocks (Application) 🔷	11005:3815	{"Breakpoint":{"type":"VARIANT","defaultValue":"Desktop","variantOptions":["Desktop","Mobile"]}}	11005:3815|5a9873162b9137ed47e01bf55f7b5533fd6d55e6|Breakpoint=Desktop;11005:3820|d5f0f929bf8ee678ce43c797a90299cec204bbf3|Breakpoint=Mobile
11005:3825	ee95b73df01e45f2946e64d1e3a7beeb7d162dc3	Pro Blocks / App Shell / 3.	Pro Blocks (Application) 🔷	11005:3826	{"Breakpoint":{"type":"VARIANT","defaultValue":"Desktop","variantOptions":["Desktop","Mobile"]}}	11005:3826|509d5942b85109b540b18718f822f33a196490f0|Breakpoint=Desktop;11005:3831|5bfaad8a37db688ed23f169fcdcb6cb9f53efad1|Breakpoint=Mobile
11005:3836	aea5c6fbf8275355fee9e12ae3151f6cee7f69b8	Pro Blocks / Sign Up / 7.	Pro Blocks (Application) 🔷	11005:3837	{"Breakpoint":{"type":"VARIANT","defaultValue":"Desktop","variantOptions":["Mobile","Desktop"]}}	11005:3837|027baca6fd6d7063faca6ef7ce57a4f3f8908b55|Breakpoint=Desktop;11005:3856|9650c947316be10b067d12414c8788762d335496|Breakpoint=Mobile
11005:3874	c99c56fd78ee365c6b7be9672b43cd2d343a7483	Pro Blocks / Sign Up / 6.	Pro Blocks (Application) 🔷	11005:3875	{"Breakpoint":{"type":"VARIANT","defaultValue":"Desktop","variantOptions":["Mobile","Desktop"]}}	11005:3875|0129e9838712b1a1795c87eca55e5788646e80be|Breakpoint=Desktop;11005:3921|bfdbda03b73eb3fea0bbdb98d51ab50358877d3b|Breakpoint=Mobile
11005:3971	bac0911150b9c04322a861771a50a60c69fc4c7b	Pro Blocks / Sign In / 1.	Pro Blocks (Application) 🔷	11005:3972	{"Breakpoint":{"type":"VARIANT","defaultValue":"Desktop","variantOptions":["Desktop","Mobile"]}}	11005:3972|bbacf569fee660b12baa86f437fedbb05c64aef6|Breakpoint=Desktop;11005:3992|9545619db0eabd9570ac2314161065ba86b0fb6c|Breakpoint=Mobile
11005:4011	b80be7b406c2c34a1ddedc0b7046f176f8c99d4f	Pro Blocks / Sign In / 3.	Pro Blocks (Application) 🔷	11005:4012	{"Breakpoint":{"type":"VARIANT","defaultValue":"Desktop","variantOptions":["Desktop","Mobile"]}}	11005:4012|92ddb30be228531333153e1c11357a0e06d2d937|Breakpoint=Desktop;11005:4043|12183b665dc7ae878cd9c9cf2d2179a39667e5bd|Breakpoint=Mobile
11005:4067	e9b4d947f3c8d118dd9530a6e895ee8d41ef95f4	Pro Blocks / Sign In / 5.	Pro Blocks (Application) 🔷	11005:4068	{"Breakpoint":{"type":"VARIANT","defaultValue":"Desktop","variantOptions":["Desktop","Mobile"]}}	11005:4068|60e04f6ba81200a1ec22ba54c31f4b63365539ef|Breakpoint=Desktop;11005:4098|79acca13d498dbf76a886fc8eaee2b2c46617cd0|Breakpoint=Mobile
11005:4121	e88f2b6072dc28ccf1ccd5645aa28101a7e8b627	Pro Blocks / Sign In / 2.	Pro Blocks (Application) 🔷	11005:4122	{"Breakpoint":{"type":"VARIANT","defaultValue":"Desktop","variantOptions":["Desktop","Mobile"]}}	11005:4122|c21f66efdf5886615746b905d0044ebc97c333df|Breakpoint=Desktop;11005:4148|71bdd36c07d42efb8e43c885e4a88d7e8b426a88|Breakpoint=Mobile
11005:4172	8ade7341328963adda3755b8e24c544e4c506176	Pro Blocks / Sign In / 4.	Pro Blocks (Application) 🔷	11005:4173	{"Breakpoint":{"type":"VARIANT","defaultValue":"Desktop","variantOptions":["Desktop","Mobile"]}}	11005:4173|20ae492dc5f38803deeb4166c0b95c70f04e6ee5|Breakpoint=Desktop;11005:4196|9b52bafcb94fe6874a24c6347bec05026c395d1c|Breakpoint=Mobile
11005:4217	03a18e53daf19915025714e23fa12b403e3a8fc1	Pro Blocks / Sign In / 6.	Pro Blocks (Application) 🔷	11005:4218	{"Breakpoint":{"type":"VARIANT","defaultValue":"Desktop","variantOptions":["Desktop","Mobile"]},"Tab":{"type":"VARIANT","defaultValue":"Sign in","variantOptions":["Sign in","Sign up"]}}	11005:4218|6953ba50fe51305de0a1ce4c6ace37249a87ddbc|Breakpoint=Desktop, Tab=Sign in;11005:4240|2d3cd4a2c5c5cf44eba3bdaca24dd65e8cc079c1|Breakpoint=Mobile, Tab=Sign in;11005:4261|3f45742ecc9da0284fad7465f0a69b66101144b1|Breakpoint=Desktop, Tab=Sign up;11005:4283|1c67561e56c83b8b8174264c596f615348460279|Breakpoint=Mobile, Tab=Sign up
11005:4304	18b86d3e60fdb4e4082533c67786d0db90d0e79c	Pro Blocks / Sign In / 7.	Pro Blocks (Application) 🔷	11005:4305	{"Breakpoint":{"type":"VARIANT","defaultValue":"Desktop","variantOptions":["Desktop","Mobile"]},"Type":{"type":"VARIANT","defaultValue":"Sign in","variantOptions":["Sign in","Sign up"]}}	11005:4305|a2a9452c6a3c77188b45a0a8dcc9109bc837b16d|Breakpoint=Desktop, Type=Sign in;11005:4327|2bdcf0aa944b333ecb2b4646bbcce6eb0f0b2108|Breakpoint=Mobile, Type=Sign in;11005:4349|618aefad9eb312ddbfea7de7ce8b9213502d3b41|Breakpoint=Desktop, Type=Sign up;11005:4371|5a64638a9af2a64c30515e17512afe639befd593|Breakpoint=Mobile, Type=Sign up
