336:6764	Image Placeholder	Assets
336:6765	Video Placeholder	Assets
5193:8618	Emoji	Assets
26:216	Typography / H2	Typography
26:225	Typography / H3	Typography
26:234	Typography / H4	Typography
26:239	Typography / P	Typography
26:245	Typography / Blockquote	Typography
26:281	Typography / List	Typography
468:5324	Typography / Rich Text	Typography
37:58	Typography / InlineCode	Typography
26:314	Typography / Lead	Typography
40:330	Typography / Code	Typography
26:319	Typography / Large	Typography
26:324	Typography / Small	Typography
36:56	Typography / Muted	Typography
468:6608	Typography / Table	Typography
488:2857	Blocks / Nav / 1.	Blocks (Official)
505:95892	Blocks / Statistic Card	Blocks (Official)
501:91917	Blocks / Uploader	Blocks (Official)
505:96344	Blocks / User Item	Blocks (Official)
507:100715	Blocks / Nav / 2.	Blocks (Official)
507:100732	Blocks / Settings Card	Blocks (Official)
507:100727	Blocks / Legend	Blocks (Official)
508:101417	Blocks / Notification Number	Blocks (Official)
505:95853	Blocks / Menu / Desktop	Blocks (Official)
15005:201460	Blocks / Custom Icon / Edit	Blocks (Official)
15005:201459	Blocks / Custom Icon / Insert	Blocks (Official)
15005:201458	Blocks / Custom Icon / Complete	Blocks (Official)
15005:201457	Blocks / Custom Icon / Microphone	Blocks (Official)
15005:214705	Blocks / Mail	Blocks (Official)
5199:54218	Blocks / Sidebar-13.	Blocks (Official)
18421:7343	Blocks / Calendar-13.	Blocks (Official)
17921:42423	Blocks / Calendar-21.	Blocks (Official)
17921:41439	Blocks / Calendar-19.	Blocks (Official)
17921:42044	Blocks / Calendar-16.	Blocks (Official)
18394:33336	Blocks / Calendar-17.	Blocks (Official)
18385:219764	Blocks / Calendar-14.	Blocks (Official)
18385:220172	Blocks / Calendar-15.	Blocks (Official)
18399:36409	Blocks / Calendar-31.	Blocks (Official)
18415:35282	Blocks / Calendar-32.	Blocks (Official)
18421:8117	Blocks / Calendar-22.	Blocks (Official)
18421:8119	Blocks / Calendar-23.	Blocks (Official)
18421:8121	Blocks / Calendar-24.	Blocks (Official)
18421:8124	Blocks / Calendar-25.	Blocks (Official)
18422:8128	Blocks / Calendar-26.	Blocks (Official)
18422:19957	Blocks / Blocks/Calendar-27	Blocks (Official)
18422:20575	Blocks / Calendar-28.	Blocks (Official)
18422:20577	Blocks / Calendar-29.	Blocks (Official)
18422:20578	Blocks / Calendar-30.	Blocks (Official)
18391:3441	Blocks / Calendar-10.	Blocks (Official)
18385:218391	Blocks / Calendar-08.	Blocks (Official)
18420:49152	Blocks / Calendar-06.	Blocks (Official)
18420:47018	Blocks / Calendar-01.	Blocks (Official)
18385:217964	Blocks / Calendar-04.	Blocks (Official)
11002:9502	Pro Blocks / Tab Nav Links	Pro Blocks (Application) 🔷
11005:30232	Pro Blocks / Buttons / Steps	Pro Blocks (Application) 🔷
11005:30230	Pro Blocks / Buttons / Button Bookmark	Pro Blocks (Application) 🔷
11005:30236	Pro Blocks / Buttons / Toggle Buttons	Pro Blocks (Application) 🔷
11005:30234	Pro Blocks / Buttons / Social Buttons Horizontal	Pro Blocks (Application) 🔷
11005:30229	Pro Blocks / Buttons / Social Buttons Vertical	Pro Blocks (Application) 🔷
11005:30237	Pro Blocks / Buttons / Buttons Group	Pro Blocks (Application) 🔷
11005:30233	Pro Blocks / Buttons / Button Split Dropdown	Pro Blocks (Application) 🔷
11005:30231	Pro Blocks / Buttons / Button Like	Pro Blocks (Application) 🔷
11005:30235	Pro Blocks / Buttons / Number Stepper	Pro Blocks (Application) 🔷
17006:179178	Rectangle 1	Pro Blocks (Landing Page) 🔷
17006:179177	Pro Blocks / Pattern / 1.	Pro Blocks (Landing Page) 🔷
17006:179173	Pro Blocks / Pattern / 2.	Pro Blocks (Landing Page) 🔷
17006:179169	Pro Blocks / Pattern / 3.	Pro Blocks (Landing Page) 🔷
17006:179174	Pro Blocks / Pattern / 4.	Pro Blocks (Landing Page) 🔷
17006:179163	Pro Blocks / Pattern / 5.	Pro Blocks (Landing Page) 🔷
17006:179165	Pro Blocks / Pattern / 6.	Pro Blocks (Landing Page) 🔷
17006:179162	Pro Blocks / Pattern / 7.	Pro Blocks (Landing Page) 🔷
17006:179161	Pro Blocks / Pattern / 8.	Pro Blocks (Landing Page) 🔷
17006:179172	Pro Blocks / Pattern / 9.	Pro Blocks (Landing Page) 🔷
17006:179156	Pro Blocks / Pattern / 10.	Pro Blocks (Landing Page) 🔷
17006:179153	Pro Blocks / Pattern / 11.	Pro Blocks (Landing Page) 🔷
17006:179152	Pro Blocks / Pattern / 12.	Pro Blocks (Landing Page) 🔷
17006:179171	Pro Blocks / Pattern / 13.	Pro Blocks (Landing Page) 🔷
17006:179159	Pro Blocks / Pattern / 14.	Pro Blocks (Landing Page) 🔷
17006:179166	Pro Blocks / Pattern / 15.	Pro Blocks (Landing Page) 🔷
17006:179151	Pro Blocks / Pattern / 16.	Pro Blocks (Landing Page) 🔷
17006:179167	Pro Blocks / Pattern / 17.	Pro Blocks (Landing Page) 🔷
17006:179176	Pro Blocks / Pattern / 18.	Pro Blocks (Landing Page) 🔷
17006:179150	Pro Blocks / Pattern / 19.	Pro Blocks (Landing Page) 🔷
17006:179158	Pro Blocks / Pattern / 20.	Pro Blocks (Landing Page) 🔷
17006:179155	Pro Blocks / Pattern / 21.	Pro Blocks (Landing Page) 🔷
17006:179164	Pro Blocks / Pattern / 22.	Pro Blocks (Landing Page) 🔷
17006:179157	Pro Blocks / Pattern / 23.	Pro Blocks (Landing Page) 🔷
17006:179170	Pro Blocks / Pattern / 24.	Pro Blocks (Landing Page) 🔷
17006:179154	Pro Blocks / Pattern / 25.	Pro Blocks (Landing Page) 🔷
17006:179149	Pro Blocks / Pattern / 26.	Pro Blocks (Landing Page) 🔷
17006:179148	Pro Blocks / Pattern / 27.	Pro Blocks (Landing Page) 🔷
17006:179160	Pro Blocks / Pattern / 28.	Pro Blocks (Landing Page) 🔷
17006:179175	Pro Blocks / Pattern / 29.	Pro Blocks (Landing Page) 🔷
17006:179168	Pro Blocks / Pattern / 30.	Pro Blocks (Landing Page) 🔷
17006:178013	Pro Blocks / Blog Card / 1.	Pro Blocks (Landing Page) 🔷
17006:178024	Pro Blocks / Blog Card / 4.	Pro Blocks (Landing Page) 🔷
17006:178035	Pro Blocks / Blog Card / 3.	Pro Blocks (Landing Page) 🔷
17006:179015	Pro Blocks / Blog Card / 6.	Pro Blocks (Landing Page) 🔷
17006:178049	Pro Blocks / Blog Card / 2.	Pro Blocks (Landing Page) 🔷
17006:178070	Pro Blocks / Person Card / 4.	Pro Blocks (Landing Page) 🔷
17006:178055	Pro Blocks / Person Card / 2.	Pro Blocks (Landing Page) 🔷
17755:6182	Logo placeholder	Pro Blocks (Landing Page) 🔷
17006:184210	Pro Blocks / Banner / 4.	Pro Blocks (Landing Page) 🔷
22:1330	Accordion	Accordion
17100:83077	Avatar Group	Avatar
222:5174	Calendar / Day Header	Calendar
17374:183180	Card	Card
239:1214	Carousel / CarouselItem	Carousel
239:1300	Carousel / Basic	Carousel
449:7467	Charts / Legend	Chart
523:6894	Charts / Pie Chart / Label Wrapper	Chart
523:7015	Charts / Pie Chart / Label List	Chart
523:8354	Charts / Tooltip	Chart
524:2062	Charts / Radar Chart / Label Wrapper / Label 	Chart
525:2007	Charts / Radar Chart / Radius Axis	Chart
523:9062	Chart / Pie Chart / Donut / Interactive	Chart
17379:199237	Combobox / Search	Combobox
17379:199778	Combobox / Command Menu - Simple	Combobox
17379:199777	Combobox / Command Menu - Multiselect	Combobox
17379:199776	Combobox / Command Menu - Avatars	Combobox
17379:199775	Combobox / Command Menu - Groups	Combobox
345:8658	Command / Input/Command/Menu Heading	Command
345:8826	Command / Input/Command/Item/Separator	Command
249:5013	ContextMenu	Context Menu
249:5008	ContextMenu / Item / Separator	Context Menu
419:4517	ContextMenu / Item / Title	Context Menu
327:695	Data Table	Data Table
105:55	DropdownMenu / Menu	Dropdown Menu
336:5077	DropdownMenu	Dropdown Menu
17402:8153	DropdownMenu / Item / User	Dropdown Menu
91:272	DropdownMenu / Item / Separator	Dropdown Menu
477:6482	Form / 2.	Form
477:6750	Form / 3.	Form
477:5597	Form / 4.	Form
477:5718	Form / 5.	Form
501:93386	Form / 1.	Form
216:3126	Hover Card / Card	Hover Card
283:8	Hover Card / Content Example	Hover Card
297:2355	Input + Button	Input
210:3534	Menubar / Menu	Menubar
216:1522	Menubar	Menubar
210:3533	Menubar / Item / Separator	Menubar
210:2036	NavigationMenu	Navigation Menu
208:1701	Pagination	Pagination
195:1621	Popover	Popover
297:2381	Popover / Content Example	Popover
65:341	Radio Group	Radio Group
17382:7210	Resizable	Resizable
18597:81811	Scroll-area / Vertical	Scroll-area
18597:81812	Scroll-area / Horizontal	Scroll-area
118:1542	Select Menu / Label	Select
118:2501	Select / Menu	Select
424:7014	Sheet / Example Content	Sheet
5198:1668	Sidebar / PopoverMenu	Sidebar
5198:1678	Sidebar / Popover	Sidebar
5198:1767	Sidebar / AccountDropdown	Sidebar
5198:1787	Sidebar 01.	Sidebar
5198:1797	Sidebar 02.	Sidebar
5198:1807	Sidebar 03.	Sidebar
5198:1812	Sidebar 04.	Sidebar
5198:1817	Sidebar 05.	Sidebar
5198:1824	Sidebar 06.	Sidebar
5198:1854	Sidebar 08.	Sidebar
5198:1894	Sidebar 10.	Sidebar
5198:1902	Sidebar 11.	Sidebar
5198:1972	Sidebar 12.	Sidebar
5198:1987	Sidebar 13.	Sidebar
5198:1997	Sidebar 14.	Sidebar
183:539	Tabs	Tabs
132:946	Toggle Group	Toggle Group
22033:10014	communication-podcast-with-guest	Illustrations
22033:9985	illustrator-drawing-with-ipad	Illustrations
22033:10012	interface-testing	Illustrations
22033:10013	product-done	Illustrations
22033:10001	team-work	Illustrations
22033:10011	coding	Illustrations
22033:9933	communication-contact-video	Illustrations
22033:9948	communication-virtual-meeting-team	Illustrations
22033:9971	digital-ads	Illustrations
22033:9951	downloading	Illustrations
22033:9998	finance-saving-money	Illustrations
22033:10004	interface-change-setting	Illustrations
22033:9982	marketer-giving-a-keynote	Illustrations
22033:9993	shopping-customize-product	Illustrations
22033:9994	spam	Illustrations
22033:9989	business-deal	Illustrations
22033:9938	education-student-group-project	Illustrations
22033:9926	illustrator-drawing	Illustrations
22033:9968	leisure-grow-plants-home-garden	Illustrations
22033:9990	leisure-meditation	Illustrations
22033:10003	newsletter	Illustrations
22033:9995	to-do-list-empty	Illustrations
22033:10002	translate-people-talking-in-different-languages	Illustrations
22033:9986	wireframe	Illustrations
22033:9979	business-sharks	Illustrations
22033:9972	clickbait	Illustrations
22033:9980	communication-podcast	Illustrations
22033:9949	e-book-download	Illustrations
22033:9984	education-teacher-presenting	Illustrations
22033:9978	leisure-grow-plants-balcony	Illustrations
22033:9977	no-mail-e-mail	Illustrations
22033:9975	people-checking-their-iphone	Illustrations
22033:9929	shopping-online-gifting	Illustrations
22033:9919	strategy	Illustrations
22033:9973	advertising	Illustrations
22033:9969	business-graph-collapsing-with-money-burned	Illustrations
22033:9983	coming-soon	Illustrations
22033:9991	contact	Illustrations
22033:9987	faq	Illustrations
22033:10000	listening-to-feedback	Illustrations
22033:9981	pregnancy	Illustrations
22033:9967	product-receive-a-notification	Illustrations
22033:10006	seo	Illustrations
22033:9966	startup	Illustrations
22033:9964	business-deal	Illustrations
22033:9963	business-graph-positive	Illustrations
22033:9992	coffee-tea	Illustrations
22033:9962	design-thinking	Illustrations
22033:9959	education-student-exhausted	Illustrations
22033:9958	fast-food	Illustrations
22033:9921	finance-blackchain-network	Illustrations
22033:9939	reading-a-book	Illustrations
22033:10009	shopping-payment-processed	Illustrations
22033:9954	spam	Illustrations
22033:9970	a-b-testing	Illustrations
22033:10005	bandaid-on-heart	Illustrations
22033:9953	bank-account	Illustrations
22033:9952	blockchain	Illustrations
22033:9950	boombox	Illustrations
22033:9946	bring-solutions-to-problem	Illustrations
22033:10008	bubble-milk-tea	Illustrations
22033:9997	buildings-varied	Illustrations
22033:9945	businessman-giving-business-card	Illustrations
22033:9961	charts	Illustrations
22033:9974	checkbook	Illustrations
22033:9927	collaboration	Illustrations
22033:9942	communication-contact-bot	Illustrations
22033:9955	computing-taxes	Illustrations
22033:9941	create-new-post	Illustrations
22033:9960	designer-working	Illustrations
22033:9937	drafts-empty-no-drafts	Illustrations
22033:9936	ethereum	Illustrations
22033:9935	fixing-bugs	Illustrations
22033:9957	food-menu	Illustrations
22033:9932	girl-power-feminism	Illustrations
22033:9930	graduation	Illustrations
22033:9944	high-five	Illustrations
22033:9928	hr-human-resources	Illustrations
22033:9925	interface-testing	Illustrations
22033:9924	jogging	Illustrations
22033:9988	laboratory	Illustrations
22033:9940	leisure-cooking-for-friends	Illustrations
22033:9976	marketting-target	Illustrations
22033:9947	modular-coding-of-application	Illustrations
22033:9934	nfts	Illustrations
22033:9923	online-learning	Illustrations
22033:10010	online-transaction	Illustrations
22033:9943	penthouse	Illustrations
22033:9922	product-bring-solutions-to-problems	Illustrations
22033:9999	remote-team	Illustrations
22033:9920	reset-password	Illustrations
22033:9918	return-exchange-policy	Illustrations
22033:9956	rice-bowl	Illustrations
22033:9965	robot-work-office-team	Illustrations
22033:10007	same-day-delivery	Illustrations
22033:9917	support-team	Illustrations
22033:9931	translate-people-talking-in-a-different-languages	Illustrations
22033:9996	video-games-gaming	Illustrations
22033:9916	walking-a-dog	Illustrations
22033:9915	workflow	Illustrations
40:120	_Docs Header	Utility Components
579:7003	_Chart / Card	Utility Components
268:1188	Slot	Utility Components
299:18	Ring	Utility Components
578:7746	_LP / Icon	Utility Components
17031:160640	_Docs / Header	Utility Components
17441:251911	Custom Icon / Inner-shadow-top	Utility Components
17441:250614	Custom Icon / Brightness	Utility Components
17441:250613	Custom Icon / Dashboard	Utility Components
17441:250612	Custom Icon /List	Utility Components
17441:250610	Custom Icon / Chartbar	Utility Components
17441:250611	Custom Icon / CirclePlus	Utility Components
22065:2090	Instance swap	Utility Components
