S:5ebcd3720d1fb5475cdc374c6dc7197132982c5a,	5ebcd3720d1fb5475cdc374c6dc7197132982c5a	text-5xl/leading-normal/bold	48	Geist	Bold	PIXELS	48	PERCENT	0	ORIGINAL	NONE	0	0
S:3e57da9b4b3067f58efad5d2455c468b1ec149ad,	3e57da9b4b3067f58efad5d2455c468b1ec149ad	text-5xl/leading-normal/extrabold	48	Geist	Black	PIXELS	48	PERCENT	0	ORIGINAL	NONE	0	0
S:d5c391607b85e8c589b257ceaf8e49ac0e7bf3e5,	d5c391607b85e8c589b257ceaf8e49ac0e7bf3e5	text-5xl/leading-normal/black	48	Geist	ExtraBold	PIXELS	48	PERCENT	0	ORIGINAL	NONE	0	0
S:528d1061f7d341166d2eaf64724323ef6b84c3a1,	528d1061f7d341166d2eaf64724323ef6b84c3a1	text-5xl/leading-normal/italic	48	Geist	Regular	PIXELS	48	PERCENT	0	ORIGINAL	NONE	0	0
S:18d9d07ddcee21c355e0a943d5ae678b3977f26b,	18d9d07ddcee21c355e0a943d5ae678b3977f26b	text-5xl/leading-normal/underlined	48	Geist	Regular	PIXELS	48	PERCENT	0	ORIGINAL	UNDERLINE	0	0
S:07dc05e5f719718ab8c18ae214819625ddb90dd6,	07dc05e5f719718ab8c18ae214819625ddb90dd6	text-5xl/leading-normal/strikethrough	48	Geist	Regular	PIXELS	48	PERCENT	0	ORIGINAL	STRIKETHROUGH	0	0
S:6f2c2b3e159980ad2d5e9c4dd13bf1bdff885062,	6f2c2b3e159980ad2d5e9c4dd13bf1bdff885062	text-5xl/leading-none/thin	48	Geist	ExtraLight	PERCENT	100	PERCENT	0	ORIGINAL	NONE	0	0
S:8bf1a1eafda834ed4db3d8932ff0f9991ba75ed0,	8bf1a1eafda834ed4db3d8932ff0f9991ba75ed0	text-5xl/leading-none/extralight	48	Geist	ExtraLight	PERCENT	100	PERCENT	0	ORIGINAL	NONE	0	0
S:2c5f69f6a3990fc346b993cfa8dba158ec3a649d,	2c5f69f6a3990fc346b993cfa8dba158ec3a649d	text-5xl/leading-none/light	48	Geist	Light	PERCENT	100	PERCENT	0	ORIGINAL	NONE	0	0
S:783a39a92d8c05078e347f04eaa36d7ea918135b,	783a39a92d8c05078e347f04eaa36d7ea918135b	text-5xl/leading-none/normal	48	Geist	Regular	PERCENT	100	PERCENT	0	ORIGINAL	NONE	0	0
S:ea7ffe971b3d7a70025db793293154b95531c680,	ea7ffe971b3d7a70025db793293154b95531c680	text-5xl/leading-none/medium	48	Geist	Medium	PERCENT	100	PERCENT	0	ORIGINAL	NONE	0	0
S:5e552793e8983b9a8d1f2dfaa5f6f89b35c1aca0,	5e552793e8983b9a8d1f2dfaa5f6f89b35c1aca0	text-5xl/leading-none/semibold	48	Geist	SemiBold	PERCENT	100	PERCENT	0	ORIGINAL	NONE	0	0
S:8b687c10bf6db51d2602aa51cc01bd20e5327779,	8b687c10bf6db51d2602aa51cc01bd20e5327779	text-5xl/leading-none/bold	48	Geist	Bold	PERCENT	100	PERCENT	0	ORIGINAL	NONE	0	0
S:c3ac8f96095e36f84307687822f349972a6392cd,	c3ac8f96095e36f84307687822f349972a6392cd	text-5xl/leading-none/extrabold	48	Geist	Black	PERCENT	100	PERCENT	0	ORIGINAL	NONE	0	0
S:549466b4693482d58ea6a8e12d125f4493bb8056,	549466b4693482d58ea6a8e12d125f4493bb8056	text-5xl/leading-none/black	48	Geist	ExtraBold	PERCENT	100	PERCENT	0	ORIGINAL	NONE	0	0
S:4d90e4f9b6cb192547819157e24884b210eaecbb,	4d90e4f9b6cb192547819157e24884b210eaecbb	text-5xl/leading-none/underlined	48	Geist	Regular	PERCENT	100	PERCENT	0	ORIGINAL	UNDERLINE	0	0
S:561782e94d7353c8ff844e27925cb8fb8bbb59e4,	561782e94d7353c8ff844e27925cb8fb8bbb59e4	text-5xl/leading-none/strikethrough	48	Geist	Regular	PERCENT	100	PERCENT	0	ORIGINAL	STRIKETHROUGH	0	0
S:eecd45e7bda1d2013f604b734b029b9b3eba854d,	eecd45e7bda1d2013f604b734b029b9b3eba854d	text-6xl/leading-normal/thin	60	Geist	ExtraLight	PIXELS	60	PERCENT	0	ORIGINAL	NONE	0	0
S:76029823bcb4a5539ca65be5474473ef928949f9,	76029823bcb4a5539ca65be5474473ef928949f9	text-6xl/leading-normal/extralight	60	Geist	ExtraLight	PIXELS	60	PERCENT	0	ORIGINAL	NONE	0	0
S:617b81fe57f05705bf41ffe5ae5e69b4df154071,	617b81fe57f05705bf41ffe5ae5e69b4df154071	text-6xl/leading-normal/light	60	Geist	Light	PIXELS	60	PERCENT	0	ORIGINAL	NONE	0	0
S:9ad205c814911a7e520f83c64b38713b56afbd96,	9ad205c814911a7e520f83c64b38713b56afbd96	text-6xl/leading-normal/normal	60	Geist	Regular	PIXELS	60	PERCENT	0	ORIGINAL	NONE	0	0
S:fa7e53e0db3e946bb4e55d436c09224402123092,	fa7e53e0db3e946bb4e55d436c09224402123092	text-6xl/leading-normal/medium	60	Geist	Medium	PIXELS	60	PERCENT	0	ORIGINAL	NONE	0	0
S:736737534aaf53b206dc4a2920d1fb683e4de2db,	736737534aaf53b206dc4a2920d1fb683e4de2db	text-6xl/leading-normal/semibold	60	Geist	SemiBold	PIXELS	60	PERCENT	0	ORIGINAL	NONE	0	0
S:5d4c94e7fbbc72e7f3bd655becc4663d6ec7300a,	5d4c94e7fbbc72e7f3bd655becc4663d6ec7300a	text-6xl/leading-normal/bold	60	Geist	Bold	PIXELS	60	PERCENT	0	ORIGINAL	NONE	0	0
S:8c1772b5d46f7351c1f7d061bf420de43b6fd401,	8c1772b5d46f7351c1f7d061bf420de43b6fd401	text-6xl/leading-normal/extrabold	60	Geist	Black	PIXELS	60	PERCENT	0	ORIGINAL	NONE	0	0
S:58a5b995a5472e7356812ba8e993f6a00478c8f5,	58a5b995a5472e7356812ba8e993f6a00478c8f5	text-6xl/leading-normal/black	60	Geist	ExtraBold	PIXELS	60	PERCENT	0	ORIGINAL	NONE	0	0
S:871b0d9971110e966d69c3614e89de95cb4b1004,	871b0d9971110e966d69c3614e89de95cb4b1004	text-6xl/leading-normal/underlined	60	Geist	Regular	PIXELS	60	PERCENT	0	ORIGINAL	UNDERLINE	0	0
S:8ad4f52f56a20eb2e22c21b299898dea76aba909,	8ad4f52f56a20eb2e22c21b299898dea76aba909	text-6xl/leading-normal/strikethrough	60	Geist	Regular	PIXELS	60	PERCENT	0	ORIGINAL	STRIKETHROUGH	0	0
S:27c6b96732079412e8256c604d7e51f93868967f,	27c6b96732079412e8256c604d7e51f93868967f	text-6xl/leading-none/thin	60	Geist	ExtraLight	PERCENT	100	PERCENT	0	ORIGINAL	NONE	0	0
S:4da1cab4f929825d9c61db985815f4827b320354,	4da1cab4f929825d9c61db985815f4827b320354	text-6xl/leading-none/extralight	60	Geist	ExtraLight	PERCENT	100	PERCENT	0	ORIGINAL	NONE	0	0
S:e938bae74423211bee9a13f5e51bb05923cd5cce,	e938bae74423211bee9a13f5e51bb05923cd5cce	text-6xl/leading-none/light	60	Geist	Regular	PERCENT	100	PERCENT	0	ORIGINAL	NONE	0	0
S:ab35bf7a193e3afad7394d5c22b9d0fcad5e394a,	ab35bf7a193e3afad7394d5c22b9d0fcad5e394a	text-6xl/leading-none/normal	60	Geist	Regular	PERCENT	100	PERCENT	0	ORIGINAL	NONE	0	0
S:d877aa2d29c92555cff4f11151e6af63546c1d83,	d877aa2d29c92555cff4f11151e6af63546c1d83	text-6xl/leading-none/medium	60	Geist	Medium	PERCENT	100	PERCENT	0	ORIGINAL	NONE	0	0
S:9ca753ea4f251f2ba32f75e0f5aa718aab755d29,	9ca753ea4f251f2ba32f75e0f5aa718aab755d29	text-6xl/leading-none/semibold	60	Geist	SemiBold	PERCENT	100	PERCENT	0	ORIGINAL	NONE	0	0
S:78786d69c6983997310364c0140ae6c939879d49,	78786d69c6983997310364c0140ae6c939879d49	text-6xl/leading-none/bold	60	Geist	Bold	PERCENT	100	PERCENT	0	ORIGINAL	NONE	0	0
S:f8380770bd079342159914b405441efdacc1c694,	f8380770bd079342159914b405441efdacc1c694	text-6xl/leading-none/extrabold	60	Geist	Black	PERCENT	100	PERCENT	0	ORIGINAL	NONE	0	0
S:82328543696683ed27400ab2310df083e08b4fdb,	82328543696683ed27400ab2310df083e08b4fdb	text-6xl/leading-none/black	60	Geist	ExtraBold	PERCENT	100	PERCENT	0	ORIGINAL	NONE	0	0
S:7e96285ced5d79cf9512bdda13444ac475595e6b,	7e96285ced5d79cf9512bdda13444ac475595e6b	text-6xl/leading-none/untitled	60	Geist	Regular	PERCENT	100	PERCENT	0	ORIGINAL	UNDERLINE	0	0
S:31217bcb127401658cc730f970d142d1ba78038a,	31217bcb127401658cc730f970d142d1ba78038a	text-6xl/leading-none/strikethrough	60	Geist	Regular	PERCENT	100	PERCENT	0	ORIGINAL	STRIKETHROUGH	0	0
S:5380249d2a027d132a76bb9ac237dbc6a6e9fb36,	5380249d2a027d132a76bb9ac237dbc6a6e9fb36	text-7xl/leading-normal/thin	72	Geist	ExtraLight	PIXELS	72	PERCENT	0	ORIGINAL	NONE	0	0
